label,strref,modelname,lightcolor,lightoffsetx,lightoffsety,lightoffsetz,soundapptype,shadowsize,bodybag,lowgore,preciseuse,hitcheck,canseeheight,hostile,noncull,ignorestatichitcheck,usesearch
Invisible,466,PLC_Invis,,,,,,1,0,,0,0,1.5,0,0,0,0
AirSpeeder1,568,PLC_AirSpder1,,,,,,1,0,,0,0,1.5,0,0,0,0
AirSpeeder2,644,PLC_AirSpder2,,,,,,1,0,,0,0,1.5,0,0,0,0
Backpack,456,PLC_Backpack,,,,,52,1,0,,0,0,1.5,0,0,0,0
BanthaCorpse,457,PLC_BnthCrps,,,,,53,1,0,,0,0,1.5,0,0,0,1
Bed1_military_cot,569,PLC_Bed1,,,,,,1,0,,0,0,1.5,0,0,0,0
Bed2_comfy_doublebed,570,PLC_Bed2,,,,,,1,0,,0,0,1.5,0,0,0,0
Bench,571,PLC_Bench,,,,,,1,0,,0,0,1.5,0,0,0,0
,572,PLC_noready,,,,,,1,0,,0,0,1.5,0,0,0,0
,573,PLC_noready,,,,,,1,0,,0,0,1.5,0,0,0,0
BloodPuddle_large,574,PLC_BldPdlLg,,,,,,1,0,,0,0,1.5,0,0,0,0
BloodPuddle_small,575,PLC_BldPdlSm,,,,,,1,0,,0,0,1.5,0,0,0,0
BrokenDroid,412,PLC_BroknDrd,,,,,60,1,0,,0,0,1.5,0,0,0,1
BurningJunk,576,PLC_BurnJunk,,,,,,1,0,,0,0,1.5,0,0,0,0
ButtonPanel_hightech,577,PLC_BtnPnlHT,,,,,,1,0,,0,0,1.5,0,0,0,0
ButtonPanel_lowtech,578,PLC_BtnPnlLT,,,,,,1,0,,0,0,1.5,0,0,0,0
Cage_large,592,PLC_CageLg,,,,,36,1,0,,0,1,1.5,0,0,1,0
Cage_small,593,PLC_CageSm,,,,,37,1,0,,0,0,1.5,0,0,1,0
CeilingFan,378,PLC_fan01,,,,,,1,0,,0,0,1.5,0,0,0,0
Chair1_military_style,579,PLC_Chair1,,,,,,1,0,,0,0,1.5,0,0,0,0
Chair2_luxurious,580,PLC_Chair2,,,,,,1,0,,0,0,1.5,0,0,0,0
ChewedCorpse_human_common,459,PLC_ChewdHmn,,,,,53,1,0,,0,0,1.5,0,0,0,1
ChewedCorpse_twilek_common,581,PLC_ChwdTwlk,,,,,53,1,0,,0,0,1.5,0,0,0,1
CompPanel,379,PLC_CompPnl,,,,,54,1,0,,0,0,1.5,0,0,0,0
CompPanel2_wall,582,PLC_CompPnl2,,,,,54,1,0,,0,0,1.5,0,0,0,0
Crate_wooden,460,PLC_Crate,,,,,63,1,0,,0,0,1.5,0,0,0,0
DanglingVine,583,PLC_DnglVine,,,,,,1,0,,0,1,1.5,0,0,0,0
Desk1_office,584,PLC_Desk1,,,,,58,1,0,,0,0,1.5,0,0,0,0
Desk2_fancy,585,PLC_Desk2,,,,,58,1,0,,0,0,1.5,0,0,0,0
DrippingWater,586,PLC_DripWatr,,,,,,1,0,,0,0,1.5,0,0,0,0
ElectricalSpark_large,587,PLC_ESparkLg,,,,,,1,0,,0,0,1.5,0,0,0,0
ElectricalSpark_small,588,PLC_ESparkSm,,,,,,1,0,,0,0,1.5,0,0,0,0
EnvironmentalSuit,589,PLC_EnvrSuit,,,,,,1,0,,0,0,1.5,0,0,0,0
EquipPack,590,PLC_EqupPack,,,,,52,1,0,,0,0,1.5,0,0,0,0
Firepit,591,PLC_FirePit,,,,,,1,0,,0,0,1.5,0,0,0,0
Firepit_large,594,PLC_FirPitLg,,,,,,1,0,,0,0,1.5,0,0,0,0
FlameBurst_continual,595,PLC_FlmBrstC,,,,,,1,0,,0,0,1.5,0,0,0,0
FlameBurst_intermittent,596,PLC_FlmBrstI,,,,,,1,0,,0,0,1.5,0,0,0,0
Foodpile,597,PLC_FoodPile,,,,,,1,0,,0,0,1.5,0,0,0,0
Footlocker,598,PLC_FootLker,,,,,39,1,0,,0,0,1.5,0,0,0,0
FountnMarble,566,PLC_FntnMrbl,,,,,58,1,0,,0,0,1.5,0,0,0,0
FountnMetal,565,PLC_FntnMetl,,,,,61,1,0,,0,0,1.5,0,0,0,0
GenCorpse,411,PLC_GenCrps,,,,,53,1,0,,0,0,1.5,0,0,0,1
GenCorpse2,645,PLC_GenCrps2,,,,,53,1,0,,0,0,1.5,0,0,0,1
GlowPuddle,461,PLC_GlowPudl,,,,,,1,0,,0,0,1.5,0,0,0,0
Gong,462,PLC_Gong,,,,,40,1,0,,0,0,1.5,0,0,0,0
FirixaLoop,31391,PLC_FirixaLoop,,,,,,1,0,,0,0,1.5,0,1,0,0
,464,,,,,,,1,0,,0,0,1.5,0,0,0,0
Hologram1_female,599,PLC_HoloArt1,,,,,,1,0,,0,0,1.5,0,0,0,0
Hologram2_abstract,600,PLC_HoloArt2,,,,,,1,0,,0,0,1.5,0,0,0,0
HoverSled,601,PLC_HvrSled,,,,,58,1,0,,0,0,1.5,0,0,0,0
HoverSled_with_engine,602,PLC_HvrSledE,,,,,58,1,0,,0,0,1.5,0,0,0,0
HumanSkeleton,603,PLC_HmnSkel,,,,,,1,0,,0,0,1.5,0,0,0,1
InfoTerminal,465,PLC_InfoTerm,,,,,54,1,0,,0,0,1.5,0,0,0,0
Invisible,466,PLC_Invis,,,,,,1,0,,0,0,1.5,0,0,0,0
JnkSpeeder1,605,PLC_JnkSpdr1,,,,,61,1,0,,0,0,1.5,0,0,0,0
JnkSpeeder2,605,PLC_JnkSpdr2,,,,,61,1,0,,0,0,1.5,0,0,0,0
JnkSwoop1,604,PLC_JnkSwpB1,,,,,60,1,0,,0,0,1.5,0,0,0,0
JnkSwoop2,604,PLC_JnkSwpB2,,,,,60,1,0,,0,0,1.5,0,0,0,0
Kiosk1_food,606,PLC_Kiosk1,,,,,61,1,0,,0,0,1.5,0,0,0,0
Kiosk2_droidparts,607,PLC_Kiosk2,,,,,61,1,0,,0,0,1.5,0,0,0,0
Kiosk3_plain,608,PLC_Kiosk3,,,,,61,1,0,,0,0,1.5,0,0,0,0
,609,,,,,,,1,0,,0,0,1.5,0,0,0,0
KoltoTank_empty,467,PLC_KolTank,,,,,61,1,0,,0,1,1.5,0,0,0,0
KoltoTank2_with_body,610,PLC_KolTank2,,,,,61,1,0,,0,1,1.5,0,0,0,0
LandSpeeder1,611,PLC_LndSpdr1,,,,,61,1,0,,0,0,1.5,0,0,0,0
LandSpeeder2,640,PLC_LndSpdr2,,,,,61,1,0,,0,0,1.5,0,0,0,0
LargeLocker,468,PLC_LockerLg,,,,,42,1,0,,0,1,1.5,0,0,0,0
Lever,469,PLC_Lever,,,,,41,1,0,,0,0,1.5,0,0,0,0
LgWallButton,470,PLC_WallPnl,,,,,59,1,0,,0,0,1.5,0,0,0,0
LightBeam,612,PLC_LghtBeam,,,,,,1,0,,0,0,1.5,0,0,0,0
MeatPieces,471,PLC_MeatPces,,,,,,1,0,,0,0,1.5,0,0,0,0
MetalBox_octagonal,472,PLC_MetalBox,,,,,44,1,0,,0,0,1.5,0,0,0,0
MoistureEvaporator,613,PLC_MstrEvap,,,,,61,1,0,,0,0,1.5,0,0,0,0
PartsPile,614,PLC_PartPile,,,,,60,1,0,,0,0,1.5,0,0,0,0
Plant1_alien_potted,615,PLC_Plant1,,,,,57,1,0,,0,0,1.5,0,0,0,0
Plant2_alien_potted,643,PLC_Plant2,,,,,57,1,0,,0,0,1.5,0,0,0,0
PlasticCrate_cylinder,617,PLC_PlstcCrt,,,,,45,1,0,,0,0,1.5,0,0,0,0
,618,,,,,,,1,0,,0,0,1.5,0,0,0,0
PullChain,473,PLC_PulChain,,,,,46,1,0,,0,1,1.5,0,1,0,0
RakataBed,619,PLC_RakatBed,,,,,63,1,0,,0,0,1.5,0,0,0,0
RakataBin_wicker,620,PLC_RakatBin,,,,,47,1,0,,0,0,1.5,0,0,0,0
RakataBin2_wicker_footlocker,621,PLC_RakatBn2,,,,,48,1,0,,0,0,1.5,0,0,0,0
RakataCorpse_on_pike,622,PLC_RakatCrp,,,,,53,1,0,,0,0,1.5,0,0,0,1
RakataStatue,623,PLC_RakaStat,,,,,58,1,0,,0,0,1.5,0,0,0,0
RakataWarFlag,624,PLC_RakatFlg,,,,,,1,0,,0,0,1.5,0,0,0,0
RefusePile_large,625,PLC_RfPileLg,,,,,61,1,0,,0,0,1.5,0,0,0,0
RefusePile_med,474,PLC_RfPileMd,,,,,60,1,0,,0,0,1.5,0,0,0,0
RefusePile_small,626,PLC_RfPileSm,,,,,59,1,0,,0,0,1.5,0,0,0,0
RepSoldier_corpse,627,PLC_RSldCrps,,,,,53,1,0,,0,0,1.5,0,0,0,1
,475,,,,,,,1,0,,0,0,1.5,0,0,0,0
Rubble,413,PLC_Rubble,,,,,57,1,0,,0,0,1.5,0,0,0,0
RuneObelisk,476,PLC_RneOblsk,,,,,58,1,0,,0,1,1.5,0,0,0,0
RunePillar,477,PLC_RnePillr,,,,,58,1,0,,0,1,1.5,0,0,0,0
,478,,,,,,,1,0,,0,0,1.5,0,0,0,0
SeveredArm_w/data_pad,479,PLC_SevrdArm,,,,,,1,0,,0,0,1.5,0,0,0,1
SewerFan,454,PLC_SewerFan,,,,,,1,0,,0,0,1.5,0,0,0,0
,480,,,,,,,1,0,,0,0,1.5,0,0,0,0
Sign,628,PLC_Sign,,,,,54,1,0,,0,0,1.5,0,0,0,0
SithSoldier_corpse,629,PLC_SSldCrps,,,,,53,1,0,,0,0,1.5,0,0,0,1
Smoke,402,PLC_Smoke,,,,,,1,0,,0,0,1.5,0,0,0,0
SparkingWires_floor,630,PLC_SWireFlr,,,,,,1,0,,0,0,1.5,0,0,0,0
SparkingWires_wall,631,PLC_SWireWal,,,,,,1,0,,0,0,1.5,0,0,0,0
StarMap,481,PLC_StarMap,,,,,68,1,0,,0,0,1.5,0,0,0,0
StarshipJunk_largepile,632,PLC_ShpJnkLg,,,,,59,1,0,,0,0,1.5,0,0,0,0
StarshipJunk_smallpile,633,PLC_ShpJnkSm,,,,,60,1,0,,0,0,1.5,0,0,0,0
Statue1_roman_style,634,PLC_Statue1,,,,,58,1,0,,0,0,1.5,0,0,0,0
Statue2_heroic_Jedi,635,PLC_Statue2,,,,,58,1,0,,0,1,1.5,0,0,0,0
SteamVent_continual,636,PLC_StmVentC,,,,,,1,0,,0,0,1.5,0,0,0,0
SteamVent_intermittent,637,PLC_StmVentI,,,,,,1,0,,0,0,1.5,0,0,0,0
SwoopBike1,638,PLC_SwpBike1,,,,,61,1,0,,0,0,1.5,0,0,0,0
SwoopBike2,641,PLC_SwpBike2,,,,,61,1,0,,0,0,1.5,0,0,0,0
SwoopEngine,482,PLC_SwpEngin,,,,,60,1,0,,0,0,1.5,0,0,0,0
TwilekCorpse,483,PLC_TwlkCrps,,,,,53,1,0,,0,0,1.5,0,0,0,1
WallPanel,484,plc_wallpnl,,,,,,1,0,,0,0,1.5,0,0,0,0
,485,,,,,,,1,0,,0,0,1.5,0,0,0,0
Winch,486,PLC_Winch,,,,,,1,0,,0,0,1.5,0,0,0,0
Windmill,639,PLC_WindMil,,,,,,1,0,,0,1,1.5,0,0,0,0
WookieCorpse,487,PLC_WookCrps,,,,,53,1,0,,0,0,1.5,0,0,0,1
ChewedNobleMan,657,PLC_ChwdNblC,,,,,53,1,0,,0,0,1.5,0,0,0,1
BuzzingInsects,1020,PLC_BuzzBugs,,,,,,1,0,,0,0,1.5,0,1,0,0
BrokenSewerFan,1021,PLC_BrknSFan,,,,,,1,0,,0,0,1.5,0,0,0,0
RakatanComputer,1029,PLC_RakatCom,,,,,55,1,0,,0,0,1.5,0,0,0,0
Firixa01,455,PLC_Firixa01,,,,,,1,0,,0,0,1.5,0,1,0,0
OilPuddle,1598,PLC_OilPudle,,,,,,1,0,,0,0,1.5,0,0,0,0
DataPad,1599,PLC_DataPad,,,,,,1,0,,0,0,1.5,0,0,0,0
KinrathBody,1600,PLC_KnrthCps,,,,,53,1,0,,0,0,1.5,0,0,0,1
KinrathBodyVine,1601,PLC_KnrthVin,,,,,53,1,0,,0,1,1.5,0,0,0,0
KinrathEgg,1602,PLC_KnrthEgg,,,,,53,1,0,,0,0,1.5,0,0,0,0
Campfire,1603,PLC_FirePit2,,,,,,1,0,,0,0,1.5,0,0,0,0
CzerkaMarker,1604,PLC_Marker,,,,,43,1,0,,0,0,1.5,0,0,0,0
CzerkaSonicDevice,1605,PLC_SonicDev,,,,,50,1,0,,0,0,1.5,0,0,0,0
KatarnBody,1606,PLC_KatrnCps,,,,,53,1,0,,0,0,1.5,0,0,0,1
RakatanHolo,1607,PLC_RakatHol,,,,,,1,0,,0,0,1.5,0,0,0,0
SaberCrystalBlue,1608,PLC_SCrysBlu,,,,,,1,0,,0,0,1.5,0,0,0,0
SaberCrystalGreen,1609,PLC_SCrysGrn,,,,,,1,0,,0,0,1.5,0,0,0,0
SaberCrystalRed,1610,PLC_SCrysRed,,,,,,1,0,,0,0,1.5,0,0,0,0
GroundBag_Pouch,1611,PLC_Bag01,,,,,52,1,0,,0,0,1.5,0,0,0,0
GroundBag_MetalCase,1612,PLC_Bag02,,,,,44,1,0,,0,0,1.5,0,0,0,0
GroundBag_PileofCloth,1613,PLC_Bag03,,,,,53,1,0,,0,0,1.5,0,0,0,0
GroundBag_BagwStrap,1614,PLC_Bag04,,,,,52,1,0,,0,0,1.5,0,0,0,0
River_of_Acid,32113,PLC_Acd,,,,,,1,0,,0,0,1.5,0,1,0,0
Invisible_Barrier,32114,PLC_Blockage,,,,,,1,0,,0,0,1.5,0,0,0,0
Dead_Malak,32115,PLC_EndCorps,,,,,53,1,0,,0,0,1.5,1,0,0,1
Pillar,32116,PLC_PuzPillr,,,,,,1,0,,0,1,1.5,0,0,0,0
Falling_Roof,32117,PLC_Rfl,,,,,,1,0,,0,0,1.5,0,1,0,0
Sith_Sarcophagus,32118,PLC_SithSarc,,,,,49,1,0,,0,0,0.5,0,0,0,0
Trap_Device,32119,PLC_Trap,,,,,,1,0,,0,0,1.5,0,0,0,0
Trash_Compactor,32120,PLC_TrashCom,,,,,,1,0,,0,0,1.5,0,0,0,0
SabreCrystalPurple,32230,PLC_SCrysPpl01,,,,,,1,0,,0,0,1.5,0,0,0,0
SabreCrystalYellow,32231,PLC_SCrysYlw01,,,,,,1,0,,0,0,1.5,0,0,0,0
ForceCage,32238,PLC_FcCage,,,,,,1,0,,0,1,1.5,0,0,0,0
FloorPanel,32239,PLC_FlPnl,,,,,,1,0,,0,0,1.5,0,0,1,0
EbonHawkContainer,32240,PLC_EbCont,,,,,38,1,0,,0,1,1.5,0,0,0,0
PowerConductor,32241,PLC_PwrCond,,,,,60,1,0,,0,0,1.5,1,0,0,0
BattleScreen1,32242,PLC_BtlScreen01,,,,,,1,0,,0,0,1.5,0,0,0,0
BattleScreen2,32243,PLC_BtlScreen02,,,,,,1,0,,0,0,1.5,0,0,0,0
WaterLevel,32244,PLC_WtrLvl,,,,,,1,0,,0,0,1.5,0,0,0,0
DeadFall1,32245,PLC_Deadfall_01,,,,,,1,0,,0,0,1.5,0,0,0,0
DeadFall2,32246,PLC_Deadfall_02,,,,,,1,0,,0,0,1.5,0,0,0,0
SpeederDistortion,32277,PLC_SpdDist,,,,,,1,0,,0,0,1.5,0,0,0,0
White_Box,37218,PLC_WhiteBox,,,,,51,1,0,,0,0,1.5,0,0,0,0
Rubble1,37189,PLC_Rub1,,,,,,1,0,,0,0,1.5,0,0,0,0
Rubble2,37190,PLC_Rub2,,,,,44,1,0,,0,0,1.5,0,0,0,0
Rubble3,37191,PLC_Rub3,,,,,,1,0,,0,0,1.5,0,0,0,0
KoltoHarvester1,37194,PLC_Kolp1,,,,,61,1,0,,0,1,1.5,0,0,0,0
KoltoHarvester2,37200,PLC_Kolp2,,,,,61,1,0,,0,1,1.5,0,0,0,0
InvisibleEbonContainer,37202,PLC_InvEb,,,,,,1,0,,0,0,1.5,0,0,0,0
RepairTable1,37210,PLC_RepTab1,,,,,61,1,0,,0,0,1.5,0,0,0,0
RepairTable2,37216,PLC_RepTab2,,,,,61,1,0,,0,0,1.5,0,0,0,0
ManaanTable1,37221,PLC_ManTab1,,,,,60,1,0,,0,0,1.5,0,0,0,0
ManaanTable2,37222,PLC_ManTab2,,,,,60,1,0,,0,0,1.5,0,0,0,0
LandSpeeder3,37225,PLC_LndSpdr3,,,,,61,1,0,,0,0,1.5,0,0,0,0
ForceCage2,37227,PLC_FcCage2,,,,,61,1,0,,0,1,1.5,0,0,1,0
EndarSpireScreen,37230,PLC_EndS,,,,,,1,0,,0,1,1.5,0,0,0,0
CS09Door,32277,PLC_CS09Door,,,,,,1,0,,0,0,1.5,0,0,0,0
GWingEscapeShip,37562,PLC_Gwing,,,,,,1,0,,0,1,1.5,0,1,0,0
SithFlag,37652,PLC_SithFlag,,,,,,1,0,,0,1,1.5,0,0,0,0
TuskanRagPile,37653,PLC_RagP,,,,,53,1,0,,0,0,1.5,0,0,0,0
CeramicJar,37654,PLC_CJar,,,,,56,1,0,,0,0,1.5,0,0,0,0
Hyperdrive,38007,PLC_Hyper,,,,,61,1,0,,0,0,1.5,0,0,0,0
Spacesuit,38011,PLC_SpcSuit,,,,,59,1,0,,0,0,1.5,0,0,0,0
HyperdriveParts,38012,PLC_Drive,,,,,61,1,0,,0,0,1.5,0,0,0,0
PazaakCards,38013,PLC_Pazaak,,,,,,1,0,,0,0,1.5,0,0,0,0
ClayUrn,38014,PLC_Cjar2,,,,,56,1,0,,0,0,1.5,0,0,0,0
ClayBowl,38015,PLC_Cjar3,,,,,56,1,0,,0,0,1.5,0,0,0,0
TossedPazaakCards,38016,PLC_Pazaak2,,,,,,1,0,,0,0,1.5,0,0,0,0
AlienPaleAle,38017,PLC_Beer,,,,,,1,0,,0,0,1.5,0,0,0,0
Drink,38018,PLC_Beer2,,,,,,1,0,,0,0,1.5,0,0,0,0
Light,38024,PLC_Light,,,,,,1,0,,0,0,1.5,0,0,0,0
RedRakataFlag,38157,PLC_RakatFlg2,,,,,,1,0,,0,0,1.5,0,0,0,0
BlackRakataFlag,38158,PLC_RakatFlg3,,,,,,1,0,,0,0,1.5,0,0,0,0
Bench2,38027,PLC_Bench2,,,,,57,1,0,,0,0,1.5,0,0,0,0
FallingRoof2,38595,PLC_RFL2,,,,,,1,0,,0,0,1.5,0,0,0,0
FallingRoofRubble,38596,PLC_InvCalo,,,,,,1,0,,0,0,1.5,0,0,0,0
HeapofGarbage,38603,PLC_DungHeap,,,,,,1,0,,0,0,1.5,0,0,0,0
RakataBench,38604,PLC_RBench,,,,,,1,0,,0,0,1.5,0,0,0,0
RuinedPillar,38605,PLC_RPCont2,,,,,,1,0,,0,0,1.5,0,0,0,0
RuinedPillarContainer,38606,PLC_RPCont1,,,,,,1,0,,0,0,1.5,0,0,0,0
SittingBith,38657,N_bith,,,,,,1,0,,0,0,1.5,0,0,0,0
SittingRakata,38658,N_rakata,,,,,,1,0,,0,0,1.5,0,0,0,0
SittingRodian,38659,N_rodian,,,,,,1,0,,0,0,1.5,0,0,0,0
SittingSelkath,38660,N_selkath,,,,,,1,0,,0,0,1.5,0,0,0,0
SittingTwilekFemale,38661,N_twilekF,,,,,,1,0,,0,0,1.5,0,0,0,0
SittingTwilekMale,38662,N_twilekM,,,,,,1,0,,0,0,1.5,0,0,0,0
SittingWalrusman,38663,N_Walrusman,,,,,,1,0,,0,0,1.5,0,0,0,0
SittingWookieFemale,38664,N_wookieF,,,,,,1,0,,0,0,1.5,0,0,0,0
SittingWookieMale,38665,N_wookieM,,,,,,1,0,,0,0,1.5,0,0,0,0
SittingSwoopganger,38666,N_swoopgang,,,,,,1,0,,0,0,1.5,0,0,0,0
HeapofGarbage2,41809,PLC_DungHeap1,,,,,53,1,0,,0,0,1.5,0,0,0,0
StatueWithSword,41817,PLC_Statue3,,,,,57,1,0,,0,0,1.5,0,0,0,0
SittingCommonerFemale,41824,L_CommF,,,,,,1,0,,0,0,1.5,0,0,0,0
SittingCommonerMale,41823,L_CommM,,,,,,1,0,,0,0,1.5,0,0,0,0
SittingAlien,41825,L_Alien02,,,,,,1,0,,0,0,1.5,0,0,0,0
SittingAlien2,41826,L_Alien05,,,,,,1,0,,0,0,1.5,0,0,0,0
SubDroidBroken,41862,PLC_subdroid,,,,,,1,0,,0,0,1.5,0,0,0,1
SubDroid,41863,PLC_subdroid2,,,,,,1,0,,0,0,1.5,0,0,0,0
RancorCorpse,41864,PLC_bodyRanc,,,,,53,1,0,,0,0,1.5,0,0,0,1
KraytCorpse,41865,PLC_bodyKray,,,,,,1,0,,0,0,1.5,0,0,0,1
InvisibleCaloNord,41897,PLC_InvCalo,,,,,,1,0,,0,0,1.5,0,0,0,0
LevelInfoTerminal,41952,PLC_LevInd,,,,,,1,0,,0,0,1.5,0,0,0,0
EbonHawkContainer,42022,PLC_EbStrg,,,,,38,1,0,,0,0,1.5,0,0,0,0
StockTicker,42023,PLC_Stock,,,,,,1,0,,0,0,1.5,0,0,0,0
CzerkaAdBanner,42024,PLC_Ban,,,,,,1,0,,0,0,1.5,0,0,0,0
CzerkaSign,42151,PLC_CzSign,,,,,,1,0,,0,0,1.5,0,0,0,0
SwoopRaceMonitor,42152,PLC_SwScreen,,,,,,1,0,,0,0,1.5,0,0,0,0
ImpassableLargeCage,42153,PLC_CageLgB,,,,,,1,0,,0,0,1.5,0,0,0,0
RingOfHanoi1,42161,PLC_Ring01,,,,,,1,0,,0,0,1.5,0,0,0,0
RingOfHanoi2,42162,PLC_Ring02,,,,,,1,0,,0,0,1.5,0,0,0,0
RingOfHanoi3,42163,PLC_Ring03,,,,,,1,0,,0,0,1.5,0,0,0,0
RingOfHanoi4,42164,PLC_Ring04,,,,,,1,0,,0,0,1.5,0,0,0,0
RedSteamBurst,636,PLC_Stmtrap,,,,,,1,0,,0,0,1.5,0,0,0,0
CompPanel_Nad01,48448,PLC_NadCom,,,,,54,1,0,,0,0,1.5,0,0,0,0
ArtTest1,48991,PLC_Invis,,,,,,1,0,,0,0,1.5,0,0,0,0
ArtTest2,48992,PLC_Invis,,,,,,1,0,,0,0,1.5,0,0,0,0
ArtTest3,48993,PLC_Invis,,,,,,1,0,,0,0,1.5,0,0,0,0
ArtTest4,48994,PLC_Invis,,,,,,1,0,,0,0,1.5,0,0,0,0
ArtTest5,48995,PLC_Invis,,,,,,1,0,,0,0,1.5,0,0,0,0
SteamContinual02,49060,PLC_StmVentD,,,,,,1,0,,0,0,1.5,0,0,0,0
SteamContinual03,49061,PLC_StmVentE,,,,,,1,0,,0,0,1.5,0,0,0,0
SteamContinual04,49062,PLC_StmVentF,,,,,,1,0,,0,0,1.5,0,0,0,0
SteamContinual05,49063,PLC_StmVentG,,,,,,1,0,,0,0,1.5,0,0,0,0
GenCorpse3,49044,PLC_GenCrps03,,,,,53,1,0,,0,0,1.5,0,0,0,1
GenCorpse4,49045,PLC_GenCrps04,,,,,53,1,0,,0,0,1.5,0,0,0,1
GenCorpse5,49046,PLC_GenCrps05,,,,,53,1,0,,0,0,1.5,0,0,0,1
GenCorpse6,49047,PLC_GenCrps06,,,,,53,1,0,,0,0,1.5,0,0,0,1
GenCorpse7,49048,PLC_GenCrps07,,,,,53,1,0,,0,0,1.5,0,0,0,1
SithMonument01,49049,PLC_Sithmn,,,,,58,1,0,,0,0,1.5,0,0,0,0
SithMonument02,49050,PLC_Sithmn2,,,,,58,1,0,,0,0,1.5,0,0,0,0
SithMonument03,49051,PLC_Sithmn3,,,,,58,1,0,,0,0,1.5,0,0,0,0
SithMonument04,49052,PLC_Sithmn4,,,,,58,1,0,,0,0,1.5,0,0,0,0
SithMonument05,49053,PLC_Sithmn5,,,,,58,1,0,,0,0,1.5,0,0,0,0
SithBanner01,49054,PLC_SithBan,,,,,,1,0,,0,0,1.5,0,0,0,0
SithBanner02,49055,PLC_SithBan2,,,,,,1,0,,0,0,1.5,0,0,0,0
SithCasket01,49056,PLC_SithCst,,,,,39,1,0,,0,0,1.5,0,0,0,0
SithStatue01,49058,PLC_SithStat,,,,,58,1,0,,0,0,1.5,0,0,0,0
SithRitualEffect,49059,PLC_Sithrit,,,,,,1,0,,0,0,1.5,0,0,0,0
SithMist01,49064,PLC_SithMist01,,,,,,1,0,,0,0,1.5,0,0,0,0
SithMist02,49065,PLC_SithMist02,,,,,,1,0,,0,0,1.5,0,0,0,0
SithMist03,49066,PLC_SithMist03,,,,,,1,0,,0,0,1.5,0,0,0,0
SithMist04,49067,PLC_SithMist04,,,,,,1,0,,0,0,1.5,0,0,0,0
SithMist05,49068,PLC_SithMist05,,,,,,1,0,,0,0,1.5,0,0,0,0
SithMist06,49069,PLC_SithMist06,,,,,,1,0,,0,0,1.5,0,0,0,0
Wreckage01,49071,PLC_Wreck01,,,,,60,1,0,,0,0,1.5,0,0,0,0
Wreckage02,49072,PLC_Wreck02,,,,,60,1,0,,0,0,1.5,0,0,0,0
Wreckage03,49073,PLC_Wreck03,,,,,60,1,0,,0,0,1.5,0,0,0,0
Planter_Telos_01,49128,PLC_Planter2,,,,,57,1,0,,0,0,1.5,0,0,0,0
BrokenDroid_PER01,49129,PLC_Robo1Lie,,,,,60,1,0,,0,0,1.5,0,0,0,1
BrokenDroid_PER02,49130,PLC_Robo2Lie,,,,,60,1,0,,0,0,1.5,0,0,0,1
BrokenDroid_PER03,49131,PLC_Robo1Stand,,,,,60,1,0,,0,0,1.5,0,0,0,1
Canister_Medical_Large,49132,PLC_MedCan,,,,,45,1,0,,0,0,1.5,0,0,0,0
MorgueKreia,49143,P_KreiaStunt,,,,,,1,0,,0,0,1.5,0,0,0,0
Brazier_01_411,49151,PLC_braz01,,,,,,1,0,,0,0,1.5,0,0,0,0
Pot_Whole_01_411,49152,PLC_PotWh1,,,,,,1,0,,0,0,1.5,0,0,0,0
Pot_Broken_01_411,49153,PLC_PotBr1,,,,,,1,0,,0,0,1.5,0,0,0,0
Chest_01_411,49154,PLC_Cht01,,,,,,1,0,,0,0,1.5,0,0,0,0
Statues_Flames_01_411,49155,PLC_Stat01,,,,,,1,0,,0,0,1.5,0,0,0,0
SteamVentRed01,49156,PLC_StmVentRed,,,,,,1,0,,0,0,1.5,0,0,0,0
DarkForceSmoke01,49157,PLC_DkfrcSmk,,,,,,1,0,,0,0,1.5,0,0,0,0
TelosShuttle,113785,PLC_shutdark,,,,,,1,0,,0,1,1.5,0,0,0,0
ForceCageBlocker,113786,PLC_FcCageA,,,,,,1,0,,0,0,1.5,0,0,0,0
SteamVentGreen,115430,PLC_StmVntgrn,,,,,,1,0,,0,0,1.5,0,0,0,0
Corpse_PER_Maint_Officer,116289,PLC_Maintoff,,,,,53,1,0,,0,0,1.5,0,0,0,1
Armoire01,124986,PLC_armoire,,,,,,1,0,,0,1,1.5,0,0,0,1
Banner01,124987,PLC_banner,,,,,,1,0,,0,0,1.5,0,0,0,1
Barrel01,124988,PLC_barrel1,,,,,,1,0,,0,0,1.5,0,0,0,1
Barrel02,124989,PLC_barrel2,,,,,,1,0,,0,0,1.5,0,0,0,1
bDroid01,124990,PLC_bDroid,,,,,,1,0,,0,0,1.5,0,0,0,1
Bones01,124991,PLC_Bones,,,,,,1,0,,0,0,1.5,0,0,0,1
Cage01,124992,PLC_cage,,,,,,1,0,,0,0,1.5,0,0,0,1
Carpet01,124993,PLC_carpet,,,,,,1,0,,0,0,1.5,0,0,0,1
Com_Bed01,124994,PLC_combed,,,,,,1,0,,0,0,1.5,0,0,0,1
Comm_Panel01,124995,PLC_commPanel,,,,,,1,0,,0,0,1.5,0,0,0,1
ComputerCon01,124996,PLC_cputerCon,,,,,,1,0,,0,0,1.5,0,0,0,1
d_Bed01,124997,PLC_dBed,,,,,,1,0,,0,0,1.5,0,0,0,1
Deco_Item01,124998,PLC_decoItem,,,,,,1,0,,0,0,1.5,0,0,0,1
Ex_Desk01,124999,PLC_exDesk,,,,,,1,0,,0,0,1.5,0,0,0,1
Ex_Table01,125000,PLC_extable,,,,,,1,0,,0,0,1.5,0,0,0,1
File_Cabinet01,125003,PLC_fileCab,,,,,,1,0,,0,0,1.5,0,0,0,1
Generic_Table01,125004,PLC_genTable,,,,,,1,0,,0,0,1.5,0,0,0,1
Hanging_Plant01,125005,PLC_hangPlant,,,,,,1,0,,0,0,1.5,0,0,0,1
Holo_Disk01,125006,PLC_holoDisk,,,,,,1,0,,0,0,1.5,0,0,0,1
Holo_Disk02,125007,PLC_holoDsk,,,,,,1,0,,0,0,1.5,0,0,0,1
Ith_Plant01,125009,PLC_ithPlant1,,,,,,1,0,,0,0,1.5,0,0,0,1
Bed_King01,125010,PLC_kBed,,,,,,1,0,,0,0,1.5,0,0,0,1
Long_Bench01,125011,PLC_Lbench,,,,,,1,0,,0,0,1.5,0,0,0,1
Locker01,125012,PLC_lockers,,,,,,1,0,,0,0,1.5,0,0,0,1
M_Detect01,125013,PLC_mDetect,,,,,,1,0,,0,0,1.5,0,0,0,1
Medium_Bench01,125014,PLC_medBench,,,,,,1,0,,0,0,1.5,0,0,0,1
Medium_Can01,125015,PLC_medCan2,,,,,,1,0,,0,1,1.5,0,0,0,1
Medium_Station01,125016,PLC_MStation,,,,,,1,0,,0,0,1.5,0,0,0,1
Office_Equipment01,125017,PLC_officeEq01,,,,,,1,0,,0,0,1.5,0,0,0,1
Office_Equipment02,125018,PLC_officeEq02,,,,,,1,0,,0,0,1.5,0,0,0,1
Oil_Bath01,125019,PLC_oilbath,,,,,,1,0,,0,0,1.5,0,0,0,1
PowerGenerator01,125020,PLC_pgen,,,,,,1,0,,0,1,1.5,0,0,0,1
Chair03,125410,PLC_chair3,,,,,,1,0,,0,0,1.5,0,0,0,1
Chair04,125411,PLC_chair4,,,,,,1,0,,0,0,1.5,0,0,0,1
Plant_Planter01,125412,PLC_Pplant01,,,,,,1,0,,0,0,1.5,0,0,0,1
Plant_Planter02,125413,PLC_Pplant02,,,,,,1,0,,0,0,1.5,0,0,0,1
Rep_Equipment01,125414,PLC_repEquip,,,,,,1,0,,0,0,1.5,0,0,0,1
Rifle_Parts01,125415,PLC_riflePts,,,,,,1,0,,0,0,1.5,0,0,0,1
Bed_Single02,125416,PLC_sbed,,,,,,1,0,,0,0,1.5,0,0,0,1
Ship_Parts01,125417,PLC_shpParts1,,,,,,1,0,,0,0,1.5,0,0,0,1
Ship_Parts02,125418,PLC_shpPart2,,,,,,1,0,,0,0,1.5,0,0,0,1
Ship_Parts03,125419,PLC_shpPart3,,,,,,1,0,,0,0,1.5,0,0,0,1
Ship_Parts04,125420,PLC_shpPart4,,,,,,1,0,,0,0,1.5,0,0,0,1
Statue_BlueMarble01,125421,PLC_statue,,,,,,1,0,,0,0,1.5,0,0,0,1
Table_Brown01,125422,PLC_table,,,,,,1,0,,0,0,1.5,0,0,0,1
T_Mat01,125423,PLC_tMat,,,,,,1,0,,0,0,1.5,0,0,0,1
Tools01,125424,PLC_tools,,,,,,1,0,,0,0,1.5,0,0,0,1
Tropical_Plants01,125425,PLC_troPlantA,,,,,,1,0,,0,0,1.5,0,0,0,1
Tropical_Plants02,125426,PLC_troPlantB,,,,,,1,0,,0,0,1.5,0,0,0,1
Wall_Hanging01,125427,PLC_wallHang,,,,,,1,0,,0,0,1.5,0,0,0,1
Wall_Hanging02a,125428,PLC_wallHang2a,,,,,,1,0,,0,0,1.5,0,0,0,1
Wall_Hanging02b,125429,PLC_wallHang2b,,,,,,1,0,,0,0,1.5,0,0,0,1
Work_Table01,125430,PLC_wrkTable,,,,,,1,0,,0,0,1.5,0,0,0,1
Work_Table02,125431,PLC_wrkTable2,,,,,,1,0,,0,0,1.5,0,0,0,1
Hologram_Planet_Dantooine,125433,PLC_holodan,,,,,,1,0,,0,0,1.5,0,0,0,1
Hologram_Planet_Dxun,125434,PLC_holodxn,,,,,,1,0,,0,0,1.5,0,0,0,1
Hologram_Planet_Korriban,125435,PLC_holokor,,,,,,1,0,,0,0,1.5,0,0,0,1
Hologram_Planet_Malachor,125436,PLC_holomal,,,,,,1,0,,0,0,1.5,0,0,0,1
Hologram_Planet_NarShad,125437,PLC_holonar,,,,,,1,0,,0,0,1.5,0,0,0,1
Hologram_Planet_Onderon,125438,PLC_holoond,,,,,,1,0,,0,0,1.5,0,0,0,1
Hologram_Planet_Peragus,125439,PLC_holopera,,,,,,1,0,,0,0,1.5,0,0,0,1
Hologram_Planet_Telos,125440,PLC_holotelos,,,,,,1,0,,0,0,1.5,0,0,0,1
Permacrete_Detonator,125864,PLC_permaDet,,,,,,1,0,,0,0,1.5,0,0,0,1
Locker_Nihlus,128417,PLC_NIL_Locker,,,,,42,1,0,,0,0,1.5,0,0,0,0
CompPanel01_DarkGrey,128528,PLC_CompPnl_b,,,,,,1,0,,0,0,1.5,0,0,0,1
CompPanel02_DarkGrey,128530,PLC_CompPnl2_b,,,,,,1,0,,0,0,1.5,0,0,0,1
CompPanel03_DarkGrey,128529,PLC_InfoTerm_b,,,,,,1,0,,0,0,1.5,0,0,0,1
Cage_Long,128536,PLC_LngCage,,,,,,1,0,,0,0,1.5,0,0,0,1
Swoop_Track_Monitor01,130669,PLC_SwpMon01,,,,,,1,0,,0,0,1.5,0,0,0,1
Swoop_Track_Monitor02,130670,PLC_SwpMon02,,,,,,1,0,,0,0,1.5,0,0,0,1
Swoop_Track_Monitor03,130671,PLC_SwpMon03,,,,,,1,0,,0,0,1.5,0,0,0,1
Shelf_Metal_01,132464,PLC_Shelf001,,,,,,1,0,,0,0,1.5,0,0,0,1
Shelf_Metal_02,132465,PLC_Shelf02,,,,,,1,0,,0,0,1.5,0,0,0,1
Shelf_Metal_03,132466,PLC_Shelf03,,,,,,1,0,,0,0,1.5,0,0,0,1
Shelf_Metal_04,132467,PLC_Shelf04,,,,,,1,0,,0,0,1.5,0,0,0,1
Shelf_Metal_05,132468,PLC_Shelf05,,,,,,1,0,,0,0,1.5,0,0,0,1
Shelf_Metal_06,132469,PLC_Shelf06,,,,,,1,0,,0,0,1.5,0,0,0,1
Door_Inviso_Block,132471,PLC_DBlk,,,,,,1,0,,0,0,1.5,0,0,0,1
